{
	"BUILD_DIR" : "C:/Users/AhmetMahirDemirelli/Desktop/viba-20242-proje-13/build/Desktop_Qt_6_9_0_MinGW_64_bit-Debug/viba-20242-proje-13_autogen",
	"CMAKE_BINARY_DIR" : "C:/Users/AhmetMahirDemirelli/Desktop/viba-20242-proje-13/build/Desktop_Qt_6_9_0_MinGW_64_bit-Debug",
	"CMAKE_CURRENT_BINARY_DIR" : "C:/Users/AhmetMahirDemirelli/Desktop/viba-20242-proje-13/build/Desktop_Qt_6_9_0_MinGW_64_bit-Debug",
	"CMAKE_CURRENT_SOURCE_DIR" : "C:/Users/AhmetMahirDemirelli/Desktop/viba-20242-proje-13",
	"CMAKE_SOURCE_DIR" : "C:/Users/AhmetMahirDemirelli/Desktop/viba-20242-proje-13",
	"CROSS_CONFIG" : false,
	"GENERATOR" : "Ninja",
	"INCLUDE_DIR" : "C:/Users/AhmetMahirDemirelli/Desktop/viba-20242-proje-13/build/Desktop_Qt_6_9_0_MinGW_64_bit-Debug/viba-20242-proje-13_autogen/include",
	"INPUTS" : 
	[
		"C:/Users/AhmetMahirDemirelli/Desktop/viba-20242-proje-13/sender.jpg",
		"C:/Users/AhmetMahirDemirelli/Desktop/viba-20242-proje-13/receiver.jpg"
	],
	"LOCK_FILE" : "C:/Users/AhmetMahirDemirelli/Desktop/viba-20242-proje-13/build/Desktop_Qt_6_9_0_MinGW_64_bit-Debug/CMakeFiles/viba-20242-proje-13_autogen.dir/AutoRcc_resources_EWIEGA46WW_Lock.lock",
	"MULTI_CONFIG" : false,
	"OPTIONS" : [ "--no-zstd", "-name", "resources" ],
	"OUTPUT_CHECKSUM" : "EWIEGA46WW",
	"OUTPUT_NAME" : "qrc_resources.cpp",
	"RCC_EXECUTABLE" : "C:/Qt/6.9.0/mingw_64/bin/rcc.exe",
	"RCC_LIST_OPTIONS" : [ "--list" ],
	"SETTINGS_FILE" : "C:/Users/AhmetMahirDemirelli/Desktop/viba-20242-proje-13/build/Desktop_Qt_6_9_0_MinGW_64_bit-Debug/CMakeFiles/viba-20242-proje-13_autogen.dir/AutoRcc_resources_EWIEGA46WW_Used.txt",
	"SOURCE" : "C:/Users/AhmetMahirDemirelli/Desktop/viba-20242-proje-13/resources.qrc",
	"USE_BETTER_GRAPH" : true,
	"VERBOSITY" : 0
}
